keyword,priority,volume,kd,cpc,intent,seed,flag,published,Ссылка конкурента 1,Ссылка конкурента 2,Ссылка конкурента 3,Заголовок конкурента 1,Заголовок конкурента 2,Заголовок конкурента 3,Сниппет конкурента 1,Сниппет конкурента 2,Сниппет конкурента 3
otter ai,1,201000,99,0.07,"I,N",otter ai review,ok,,,,,,,,,,
otter.ai,1,201000,94,0.07,"I,N",otter ai review,ok,,,,,,,,,,
ai note taker,1,27100,87,3.12,I,best ai notetaker,ok,,,,,,,,,,
fireflies ai,1,27100,91,1.5,"I,N",fireflies ai review,ok,,,,,,,,,,
fireflies.ai,1,22200,92,1.5,"I,N",fireflies ai review,ok,,,,,,,,,,
note taker,1,14800,92,1.63,I,best ai notetaker,ok,,,,,,,,,,
ai note taking,1,14800,90,3.12,I,best ai notetaker,ok,,,,,,,,,,
fathom ai,1,8100,62,2.22,"I,N",fathom review,ok,,,,,,,,,,
meeting assistant,1,3600,71,4.21,I,best ai notetaker,ok,,,,,,,,,,
ai note taking app,1,3600,63,3.16,I,best ai notetaker,ok,,,,,,,,,,
ai meeting note taker,1,3200,72,4.3,I,best ai notetaker,ok,,,,,,,,,,
ai meeting assistant,1,2900,69,4.04,I,best ai notetaker,ok,,,,,,,,,,
ai note-taking,1,2400,71,3.12,I,best ai notetaker,ok,,,,,,,,,,
ai notetaker,1,2400,74,3.2,I,best ai notetaker,ok,,,,,,,,,,
ai meeting,1,1900,66,2.84,I,best ai notetaker,ok,,,,,,,,,,
best ai note taking app,1,1900,71,2.66,I,best ai notetaker,ok,,,,,,,,,,
meeting ai,1,1900,63,2.84,I,best ai notetaker,ok,,,,,,,,,,
notetaker,1,1800,71,2.59,I,best ai notetaker,ok,,,,,,,,,,
note taking ai,1,1600,69,3.03,I,best ai notetaker,ok,,,,,,,,,,
meeting recorder,1,1300,64,3.59,I,best ai notetaker,ok,,,,,,,,,,
best ai note taker,1,1300,70,2.07,I,best ai notetaker,ok,,,,,,,,,,
note taker ai,1,1300,71,2.94,I,best ai notetaker,ok,,,,,,,,,,
ai notetaking,1,1300,72,3.12,I,best ai notetaker,ok,,,,,,,,,,
otter at,1,1300,77,0.07,"I,N",otter ai review,ok,,,,,,,,,,
fanthom,1,1300,60,0.18,"L,C",fathom review,ok,,,,,,,,,,
fathom video,1,1000,65,0.16,"I,N",fathom review,ok,,,,,,,,,,
meeting note taker,1,810,33,4.46,I,best ai notetaker,ok,,,,,,,,,,
ai meeting notes,1,810,54,3.3,I,best ai notetaker,ok,,,,,,,,,,
what is otter,1,810,40,0.74,I,otter ai review,ok,,,,,,,,,,
note taker app,1,740,31,2.03,I,best ai notetaker,ok,,,,,,,,,,
free ai note taker,1,740,44,2.42,I,best ai notetaker,ok,,,,,,,,,,
take meeting notes,1,660,44,3.3,I,best ai notetaker,ok,,,,,,,,,,
takes notes,1,610,43,1.39,I,best ai notetaker,ok,,,,,,,,,,
apps for recording lectures,1,590,6,1.97,I,best ai notetaker,ok,,,,,,,,,,
meeting recording app,1,590,29,3.86,I,best ai notetaker,ok,,,,,,,,,,
take notes for me,1,590,45,2.43,I,best ai notetaker,ok,,,,,,,,,,
meeting recorder app,1,590,32,3.86,I,best ai notetaker,ok,,,,,,,,,,
ai note taker for zoom,1,590,31,3.55,I,best ai notetaker,ok,,,,,,,,,,
record a meeting app,1,590,18,3.86,I,best ai notetaker,ok,,,,,,,,,,
app for recording meetings,1,590,27,3.86,I,best ai notetaker,ok,,,,,,,,,,
free ai notes generator,1,590,36,1.81,I,best ai notetaker,ok,,,,,,,,,,
fireflies ai pricing,1,590,26,2.37,"I,N",fireflies ai review,ok,,,,,,,,,,
fireflies.ai pricing,1,590,26,2.37,"I,N",fireflies ai review,ok,,,,,,,,,,
transcription app iphone,1,590,40,1.72,I,otter ai review,ok,,,,,,,,,,
record notes,1,590,42,1.58,I,otter ai review,ok,,,,,,,,,,
otter ai app,1,590,55,1.31,"I,N",otter ai review,ok,,,,,,,,,,
ai otter,1,590,58,0.68,"I,N",otter ai review,ok,,,,,,,,,,
transcribe apps iphone,1,590,36,1.72,I,otter ai review,ok,,,,,,,,,,
recording note,1,590,58,1.58,I,otter ai review,ok,,,,,,,,,,
otter ai free transcription,1,590,68,1.32,I,otter ai review,ok,,,,,,,,,,
fathom math,1,590,27,1.97,I,fathom review,ok,,,,,,,,,,
meeting transcription app,1,480,44,3.93,I,best ai notetaker,ok,,,,,,,,,,
lecture note taker,1,480,35,1.82,I,best ai notetaker,ok,,,,,,,,,,
minutes of meeting recorder,1,480,44,3.19,I,best ai notetaker,ok,,,,,,,,,,
recorder for meeting minutes,1,480,23,3.19,I,best ai notetaker,ok,,,,,,,,,,
meeting minutes recorder,1,480,44,3.19,I,best ai notetaker,ok,,,,,,,,,,
meeting note taker app,1,480,49,3.72,I,best ai notetaker,ok,,,,,,,,,,
minutes meeting recorder,1,480,38,3.19,I,best ai notetaker,ok,,,,,,,,,,
app that takes notes for you,1,480,34,2.92,I,best ai notetaker,ok,,,,,,,,,,
ai recording,1,480,36,2.39,"L,C",best ai notetaker,ok,,,,,,,,,,
record meeting notes,1,480,42,3.19,I,best ai notetaker,ok,,,,,,,,,,
meeting note taking app,1,480,37,3.72,I,best ai notetaker,ok,,,,,,,,,,
best meeting note taking app,1,480,19,3.17,I,best ai notetaker,ok,,,,,,,,,,
apps that take notes for you,1,480,36,2.92,I,best ai notetaker,ok,,,,,,,,,,
meeting minute recorder,1,480,45,3.19,I,best ai notetaker,ok,,,,,,,,,,
recording meeting notes,1,480,41,3.19,I,best ai notetaker,ok,,,,,,,,,,
ai meeting recorder,1,480,40,3.17,I,best ai notetaker,ok,,,,,,,,,,
ai notetakers,1,480,64,3.63,I,best ai notetaker,ok,,,,,,,,,,
free ai meeting note taker,1,480,40,2.97,I,best ai notetaker,ok,,,,,,,,,,
ai note app,1,480,41,1.57,I,best ai notetaker,ok,,,,,,,,,,
otter ai cost,1,480,30,0.07,I,otter ai review,ok,,,,,,,,,,
otter ai costs,1,480,29,0.07,"I,N",otter ai review,ok,,,,,,,,,,
otter note taking,1,480,49,0.88,I,otter ai review,ok,,,,,,,,,,
otter ai plan,1,480,36,0.06,"I,N",otter ai review,ok,,,,,,,,,,
otter ai plans,1,480,28,0.06,I,otter ai review,ok,,,,,,,,,,
otter ai free,1,480,60,1.32,I,otter ai review,ok,,,,,,,,,,
ottor ai,1,480,50,0.07,"I,N",otter ai review,ok,,,,,,,,,,
www otter ai,1,480,65,0.05,"I,N",otter ai review,ok,,,,,,,,,,
note takers,1,440,61,1.63,I,best ai notetaker,ok,,,,,,,,,,
fireflies . ai,1,440,48,1.5,"I,N",fireflies ai review,ok,,,,,,,,,,
fireflies-ai,1,440,53,1.5,"I,N",fireflies ai review,ok,,,,,,,,,,
fireflies. ai,1,440,54,1.5,"I,N",fireflies ai review,ok,,,,,,,,,,
automatic note taker,1,390,47,2.88,I,best ai notetaker,ok,,,,,,,,,,
ai notes,1,390,43,1.33,I,best ai notetaker,ok,,,,,,,,,,
auto note taker,1,390,52,2.88,I,best ai notetaker,ok,,,,,,,,,,
best note taker,1,390,35,1.72,I,best ai notetaker,ok,,,,,,,,,,
computerized note taker,1,390,33,1.38,I,best ai notetaker,ok,,,,,,,,,,
best notetaker,1,390,42,1.72,I,best ai notetaker,ok,,,,,,,,,,
ai note taking apps,1,390,32,2.88,I,best ai notetaker,ok,,,,,,,,,,
ai note taker for in person meetings,1,390,45,3.54,I,best ai notetaker,ok,,,,,,,,,,
best note takers,1,390,26,1.72,I,best ai notetaker,ok,,,,,,,,,,
note taker free,1,390,46,1.64,I,best ai notetaker,ok,,,,,,,,,,
fred fireflies,1,390,27,0.48,"I,N",fireflies ai review,ok,,,,,,,,,,
fireflies notes,1,390,40,1.72,"I,N",fireflies ai review,ok,,,,,,,,,,
ai fireflies,1,390,64,1.23,"I,N",fireflies ai review,ok,,,,,,,,,,
otter recording,1,390,55,0.8,"I,N",otter ai review,ok,,,,,,,,,,
otter notes,1,390,48,0.15,"I,N",otter ai review,ok,,,,,,,,,,
otter ai basic plan,1,390,36,0.06,I,otter ai review,ok,,,,,,,,,,
audio note taking,1,390,44,2.67,I,otter ai review,ok,,,,,,,,,,
fathom company,1,390,38,1.36,I,fathom review,ok,,,,,,,,,,
ai note taking tools,1,360,53,3.7,I,best ai notetaker,ok,,,,,,,,,,
fireflies app,1,360,45,1.62,I,fireflies ai review,ok,,,,,,,,,,
otter app,1,360,41,0.72,"I,N",otter ai review,ok,,,,,,,,,,
meeting transcription software,1,320,57,3.39,I,best ai notetaker,ok,,,,,,,,,,
voice note taker,1,320,50,2.14,I,best ai notetaker,ok,,,,,,,,,,
ai notetaker for zoom,1,320,31,2.84,I,best ai notetaker,ok,,,,,,,,,,
best lecture recording app,1,320,7,1.77,I,best ai notetaker,ok,,,,,,,,,,
ai notes taker,1,320,44,3.12,I,best ai notetaker,ok,,,,,,,,,,
note taking ai app,1,320,38,3.06,I,best ai notetaker,ok,,,,,,,,,,
best note taking ai,1,320,39,2.55,I,best ai notetaker,ok,,,,,,,,,,
ai meeting note taker free,1,320,42,3.28,I,best ai notetaker,ok,,,,,,,,,,
free ai notetaker,1,320,44,2.85,I,best ai notetaker,ok,,,,,,,,,,
meeting ai note taker,1,320,49,4.13,I,best ai notetaker,ok,,,,,,,,,,
best free ai meeting note taker,1,320,44,2.19,I,best ai notetaker,ok,,,,,,,,,,
ai notes app,1,320,40,2.38,I,best ai notetaker,ok,,,,,,,,,,
firefly software,1,320,50,1.3,I,fireflies ai review,ok,,,,,,,,,,
fireflies software,1,320,48,1.3,"I,N",fireflies ai review,ok,,,,,,,,,,
fireflies com,1,320,57,1.92,"I,N",fireflies ai review,ok,,,,,,,,,,
voice note app,1,320,29,1.19,I,otter ai review,ok,,,,,,,,,,
otter transcribe,1,320,61,0.97,"I,N",otter ai review,ok,,,,,,,,,,
otter note taker,1,320,49,0.9,I,otter ai review,ok,,,,,,,,,,
take notes by voice,1,320,34,2.14,I,otter ai review,ok,,,,,,,,,,
voice note taking,1,320,54,2.14,I,otter ai review,ok,,,,,,,,,,
take notes with voice,1,320,37,2.14,I,otter ai review,ok,,,,,,,,,,
note taking by voice,1,320,39,2.14,I,otter ai review,ok,,,,,,,,,,
taking voice notes,1,320,42,2.14,I,otter ai review,ok,,,,,,,,,,
otter ai download,1,320,41,0.64,"I,N",otter ai review,ok,,,,,,,,,,
audio note taking app,1,260,33,2.61,I,best ai notetaker,ok,,,,,,,,,,
best meeting recorder app,1,260,29,3.16,I,best ai notetaker,ok,,,,,,,,,,
person who takes notes,1,260,17,0,I,best ai notetaker,ok,,,,,,,,,,
best app for recording meetings,1,260,20,3.16,I,best ai notetaker,ok,,,,,,,,,,
voice recorder note taker,1,260,44,1.69,I,best ai notetaker,ok,,,,,,,,,,
ai meeting transcription,1,260,56,3.58,I,best ai notetaker,ok,,,,,,,,,,
meeting minutes ai,1,260,47,3.5,I,best ai notetaker,ok,,,,,,,,,,
best meeting recording app,1,260,23,3.16,I,best ai notetaker,ok,,,,,,,,,,
note taking recording app,1,260,33,3.82,I,best ai notetaker,ok,,,,,,,,,,
note taking app with recording,1,260,38,3.82,I,best ai notetaker,ok,,,,,,,,,,
app that records and takes notes,1,260,41,3.82,I,best ai notetaker,ok,,,,,,,,,,
meeting recorder and transcriber,1,260,36,3.52,I,best ai notetaker,ok,,,,,,,,,,
audio notetaker app,1,260,48,2.61,I,best ai notetaker,ok,,,,,,,,,,
ai meeting transcript,1,260,62,3.58,I,best ai notetaker,ok,,,,,,,,,,
ai note taker from video,1,260,32,1.82,I,best ai notetaker,ok,,,,,,,,,,
ai note taker for meetings,1,260,46,4.73,I,best ai notetaker,ok,,,,,,,,,,
fireflies transcription,1,260,41,2.19,"I,N",fireflies ai review,ok,,,,,,,,,,
fireflies meeting notes,1,260,42,2.67,I,fireflies ai review,ok,,,,,,,,,,
firefly transcription,1,260,36,2.19,"I,N",fireflies ai review,ok,,,,,,,,,,
otter software,1,260,51,0.9,"I,N",otter ai review,ok,,,,,,,,,,
otter voice recorder,1,260,41,0.9,I,otter ai review,ok,,,,,,,,,,
otter transcribe voice notes,1,260,42,0.9,"I,N",otter ai review,ok,,,,,,,,,,
otter plans,1,260,34,0.06,I,otter ai review,ok,,,,,,,,,,
dictation notes,1,260,52,1.63,I,otter ai review,ok,,,,,,,,,,
otter voice recording,1,260,35,0.9,"I,N",otter ai review,ok,,,,,,,,,,
meeting note taking,1,250,43,3.3,I,best ai notetaker,ok,,,,,,,,,,
ai meeting assistants,1,220,55,4.04,I,best ai notetaker,ok,,,,,,,,,,
fireflies ai reviews,1,210,36,2,I,fireflies vs otter,ok,,,,,,,,,,
meeting recording software,1,210,30,6.77,I,best ai notetaker,ok,,,,,,,,,,
meeting recorder software,1,210,23,6.77,I,best ai notetaker,ok,,,,,,,,,,
voice note taking app,1,210,41,2.48,I,best ai notetaker,ok,,,,,,,,,,
note recorder app,1,210,39,2.34,I,best ai notetaker,ok,,,,,,,,,,
note taker for meetings,1,210,53,3.47,I,best ai notetaker,ok,,,,,,,,,,
ai for meeting minutes,1,210,41,2.99,I,best ai notetaker,ok,,,,,,,,,,
make notes for me,1,210,53,1.3,I,best ai notetaker,ok,,,,,,,,,,
fireflies recording,1,210,42,2.63,"I,N",fireflies ai review,ok,,,,,,,,,,
fred fireflies ai,1,210,46,1.09,"I,N",fireflies ai review,ok,,,,,,,,,,
firefly recording,1,210,30,2.63,"I,N",fireflies ai review,ok,,,,,,,,,,
fireflies.ai review,1,210,35,2,I,fireflies ai review,ok,,,,,,,,,,
fireflies.ai reviews,1,210,40,2,I,fireflies ai review,ok,,,,,,,,,,
otter transcription app,1,210,56,1.4,I,otter ai review,ok,,,,,,,,,,
otter ai transcribe,1,210,52,1.3,I,otter ai review,ok,,,,,,,,,,
otter voice,1,210,49,0.25,"I,N",otter ai review,ok,,,,,,,,,,
otter ai business plan,1,210,33,0.06,I,otter ai review,ok,,,,,,,,,,
voice note taker app,1,210,36,2.48,I,otter ai review,ok,,,,,,,,,,
note recording app,1,210,39,2.34,I,otter ai review,ok,,,,,,,,,,
record notes app,1,210,37,2.34,I,otter ai review,ok,,,,,,,,,,
meeting notes software,1,190,41,5.16,I,otter ai review,ok,,,,,,,,,,
note taker recorder,1,170,41,1.93,I,otter ai review,ok,,,,,,,,,,
transcribe meeting notes,1,170,56,3.41,I,otter ai review,ok,,,,,,,,,,
otter ai live transcription,1,170,56,1.61,I,otter ai review,ok,,,,,,,,,,
otter voice meeting notes,1,170,42,0.9,"I,N",otter ai review,ok,,,,,,,,,,
otter voice notes,1,170,35,1.23,"I,N",otter ai review,ok,,,,,,,,,,
otter speech to text,1,170,42,0.9,"I,N",otter ai review,ok,,,,,,,,,,
otter meeting notes,1,170,42,0.87,"I,N",otter ai review,ok,,,,,,,,,,
otter ai pro,1,170,33,0.06,"I,N",otter ai review,ok,,,,,,,,,,
otter ai notes,1,170,56,0.9,"I,N",otter ai review,ok,,,,,,,,,,
best app for meeting notes,1,170,20,3.49,I,otter ai review,ok,,,,,,,,,,
audio to notes app,1,170,42,1.83,I,otter ai review,ok,,,,,,,,,,
ai note taking software,1,170,43,3.19,I,otter ai review,ok,,,,,,,,,,
otter ai live transcript,1,170,49,1.61,"I,N",otter ai review,ok,,,,,,,,,,
otter voice note,1,170,42,1.23,"I,N",otter ai review,ok,,,,,,,,,,
ai meeting notetaker,1,170,47,2.98,I,otter ai review,ok,,,,,,,,,,
otter video,1,160,8,0.81,I,otter ai review,ok,,,,,,,,,,
fireflies note taking,1,140,43,1.65,I,fireflies ai review,ok,,,,,,,,,,
best audio note taking app,1,140,23,2.48,I,otter ai review,ok,,,,,,,,,,
otter download,1,140,31,0.48,"I,N",otter ai review,ok,,,,,,,,,,
otter business,1,140,31,0.9,I,otter ai review,ok,,,,,,,,,,
meeting note taking software,1,140,52,3.22,I,otter ai review,ok,,,,,,,,,,
transcribing notes,1,140,53,2.09,I,otter ai review,ok,,,,,,,,,,
otter ai desktop app,1,140,28,0.06,I,otter ai review,ok,,,,,,,,,,
talking note,1,140,47,2.29,I,otter ai review,ok,,,,,,,,,,
ai notetaker free,1,140,49,2.89,I,otter ai review,ok,,,,,,,,,,
fathom realty reviews,1,140,7,1.21,I,fathom review,ok,,,,,,,,,,
fireflies meeting,1,110,35,2.37,I,fireflies ai review,ok,,,,,,,,,,
otter transcription software,1,110,49,1.5,"I,N",otter ai review,ok,,,,,,,,,,
otter recording app,1,110,42,0.9,I,otter ai review,ok,,,,,,,,,,
otter ie,1,110,48,0,"I,N",otter ai review,ok,,,,,,,,,,
otter free trial,1,110,27,2.83,I,otter ai review,ok,,,,,,,,,,
otter subscription,1,110,27,0.06,"I,N",otter ai review,ok,,,,,,,,,,
transcribe notes,1,110,55,2.12,I,otter ai review,ok,,,,,,,,,,
otter note taking app,1,110,49,0.9,I,otter ai review,ok,,,,,,,,,,
dictate notes app,1,110,37,2.09,I,otter ai review,ok,,,,,,,,,,
ai minutes,1,110,45,3.03,I,otter ai review,ok,,,,,,,,,,
what is fathom,1,100,45,3.33,I,fathom review,ok,,,,,,,,,,
fireflies air,1,90,47,0.95,I,fireflies ai review,ok,,,,,,,,,,
what does fathom,1,90,31,0,I,fathom review,ok,,,,,,,,,,
fathom cost,1,90,22,0.21,I,fathom review,ok,,,,,,,,,,
fathom com,1,90,47,0.24,"I,N",fathom review,ok,,,,,,,,,,
fireflies ai note taker,1,80,48,2.16,I,fireflies ai review,ok,,,,,,,,,,
fireflites,1,70,49,0,I,fireflies ai review,ok,,,,,,,,,,
fathom the idea,1,70,17,0,I,fathom review,ok,,,,,,,,,,
fathom video inc,1,70,28,0.1,"I,N",fathom review,ok,,,,,,,,,,
fathom ai logo,1,70,21,0,I,fathom review,ok,,,,,,,,,,
best zoom ai notetaker,1,50,27,4.82,I,best ai notetaker,ok,,,,,,,,,,
fireflies ai note taker teams,1,50,28,2.24,I,fireflies ai review,ok,,,,,,,,,,
fathom technology,1,50,34,1.43,I,fathom review,ok,,,,,,,,,,
fathom analytics pricing,1,50,25,7.61,"I,N",fathom review,ok,,,,,,,,,,
fathom alternative,1,50,25,9.54,I,fathom review,ok,,,,,,,,,,
blancpain fifty fathoms review,1,50,9,0,I,fathom review,ok,,,,,,,,,,
blancpain 50 fathoms review,1,50,9,0,I,fathom review,ok,,,,,,,,,,
fireflies vs granola,1,40,14,3.57,I,granola vs fireflies,ok,,,,,,,,,,
www fireflies,1,40,50,0.86,"I,N",fireflies ai review,ok,,,,,,,,,,
fathom web,1,40,55,0.11,"I,N",fathom review,ok,,,,,,,,,,
fathom tool,1,40,56,0.78,"I,N",fathom review,ok,,,,,,,,,,
fathom ai coding,1,40,26,3.89,"I,N",fathom review,ok,,,,,,,,,,
firefliesai,1,30,40,1.5,"I,N",fireflies ai review,ok,,,,,,,,,,
fire files ai,1,30,42,1.5,"I,N",fireflies ai review,ok,,,,,,,,,,
fireflies ai free trial,1,30,35,6.04,I,fireflies ai review,ok,,,,,,,,,,
penn fathom review,1,30,6,0,I,fathom review,ok,,,,,,,,,,
penn fathom reel review,1,30,6,0,I,fathom review,ok,,,,,,,,,,
giant fathom 2 review,1,30,7,0,I,fathom review,ok,,,,,,,,,,
giant fathom review,1,30,7,0,I,fathom review,ok,,,,,,,,,,
penn fathom reels reviews,1,30,6,0,I,fathom review,ok,,,,,,,,,,
fireflies note taker zoom,1,20,28,1.81,I,fireflies ai review,ok,,,,,,,,,,
https fireflies ai,1,20,35,1.49,"I,N",fireflies ai review,ok,,,,,,,,,,
giant fathom 1 review,1,20,6,0,I,fathom review,ok,,,,,,,,,,
penn fathom baitcaster review,1,20,6,0,I,fathom review,ok,,,,,,,,,,
penn fathom 400 low profile review,1,20,6,0,I,fathom review,ok,,,,,,,,,,
fireflies ai vs granola,1,10,6,6.23,I,granola vs fireflies,ok,,,,,,,,,,
fireflies meeting recorder transcribe,1,10,36,0,"I,N",fireflies vs otter,ok,,,,,,,,,,
meetgeek vs otter,1,10,12,0,I,fireflies vs otter,ok,,,,,,,,,,
firefly recording studio,1,10,18,0,"L,C",fireflies ai review,ok,,,,,,,,,,
fireflies note taker,1,10,41,2.31,"I,N",fireflies ai review,ok,,,,,,,,,,
fireflies company,1,10,49,1.34,"L,C",fireflies ai review,ok,,,,,,,,,,
firefly ai notetaker,1,10,41,1.63,"I,N",fireflies ai review,ok,,,,,,,,,,
fireflies review,1,10,15,0,I,fireflies ai review,ok,,,,,,,,,,
what is fireflies,1,10,52,0,I,fireflies ai review,ok,,,,,,,,,,
fireflys ai,1,10,36,1.5,"I,N",fireflies ai review,ok,,,,,,,,,,
fireflyes ai,1,10,36,0,"I,N",fireflies ai review,ok,,,,,,,,,,
fireflies al,1,10,45,2.18,"I,N",fireflies ai review,ok,,,,,,,,,,
fire flies ia,1,10,48,1.5,"I,N",fireflies ai review,ok,,,,,,,,,,
otter ai transcription review,1,10,44,2.55,I,otter ai review,ok,,,,,,,,,,
fathom seo reviews,1,10,14,0,I,fathom review,ok,,,,,,,,,,
go fathom,1,10,25,0,I,fathom review,ok,,,,,,,,,,
fathom app,1,10,24,0.83,"I,N",fathom review,ok,,,,,,,,,,
two of these make a fathom,1,10,20,0,I,fathom review,ok,,,,,,,,,,
fathom application,1,10,41,0.83,"I,N",fathom review,ok,,,,,,,,,,
fathom price,1,10,40,3.69,I,fathom review,ok,,,,,,,,,,
jl audio fathom f113 review,1,10,6,0,I,fathom review,ok,,,,,,,,,,
penn fathom 25n review,1,10,6,0,I,fathom review,ok,,,,,,,,,,
blancpain fifty fathoms bathyscaphe review,1,10,11,0,I,fathom review,ok,,,,,,,,,,
eddyline fathom review,1,10,5,0,I,fathom review,ok,,,,,,,,,,
penn fathom 2 speed review,1,10,7,0,I,fathom review,ok,,,,,,,,,,
penn fathom lever drag review,1,10,6,0,I,fathom review,ok,,,,,,,,,,
seven fathoms rum review,1,10,5,0,I,fathom review,ok,,,,,,,,,,
blancpain fifty fathoms dark knight review,1,10,6,0,I,fathom review,ok,,,,,,,,,,
blancpain fifty fathoms flyback chronograph review,1,10,9,0,I,fathom review,ok,,,,,,,,,,
costa del mar fathom review,1,10,7,0,I,fathom review,ok,,,,,,,,,,
costa fathom review,1,10,7,0,I,fathom review,ok,,,,,,,,,,
eddyline fathom lv review,1,10,5,0,I,fathom review,ok,,,,,,,,,,
fathom f112 review,1,10,6,0,I,fathom review,ok,,,,,,,,,,
fathom f113 review,1,10,6,0,I,fathom review,ok,,,,,,,,,,
fifty fathoms review,1,10,8,0,I,fathom review,ok,,,,,,,,,,
jl audio fathom f110 review,1,10,8,0,I,fathom review,ok,,,,,,,,,,
jl audio fathom f110v2 subwoofer review,1,10,8,0,I,fathom review,ok,,,,,,,,,,
jl audio fathom f112 review,1,10,8,0,I,fathom review,ok,,,,,,,,,,
jl audio fathom review,1,10,8,0,I,fathom review,ok,,,,,,,,,,
jl fathom f110 review,1,10,8,0,I,fathom review,ok,,,,,,,,,,
jl fathom review,1,10,8,0,I,fathom review,ok,,,,,,,,,,
penn fathom 12 review,1,10,5,0,I,fathom review,ok,,,,,,,,,,
penn fathom 15 review,1,10,5,0,I,fathom review,ok,,,,,,,,,,
penn fathom 25n star drag review,1,10,6,0,I,fathom review,ok,,,,,,,,,,
penn fathom 30 review,1,10,6,0,I,fathom review,ok,,,,,,,,,,
penn fathom 40 review,1,10,6,0,I,fathom review,ok,,,,,,,,,,
penn fathom level wind review,1,10,5,0,I,fathom review,ok,,,,,,,,,,
penn fathom master 600 review,1,10,5,0,I,fathom review,ok,,,,,,,,,,
penn fathom star drag review,1,10,5,0,I,fathom review,ok,,,,,,,,,,
seiko fifty five fathoms review,1,10,5,0,I,fathom review,ok,,,,,,,,,,
fathom yachts reviews,1,10,5,0,I,fathom review,ok,,,,,,,,,,
fathom 29 1 review,1,10,6,0,I,fathom review,ok,,,,,,,,,,
bolle fathom goggles review,1,10,5,0,I,fathom review,ok,,,,,,,,,,
jl fathom f113 review,1,10,6,0,I,fathom review,ok,,,,,,,,,,
lg fathom vs750 review,1,10,7,0,I,fathom review,ok,,,,,,,,,,
penn fathom 25 review,1,10,6,0,I,fathom review,ok,,,,,,,,,,
penn fathom 25lw review,1,10,6,0,I,fathom review,ok,,,,,,,,,,
penn fathom lever drag 2 speed review,1,10,6,0,I,fathom review,ok,,,,,,,,,,
vestal fathom watch review,1,10,6,0,I,fathom review,ok,,,,,,,,,,
fathom analytics review,1,10,6,0,I,fathom review,ok,,,,,,,,,,
blancpain fifty fathoms titanium review,1,10,8,0,I,fathom review,ok,,,,,,,,,,
giant fathom 2 2021 review,1,10,7,0,I,fathom review,ok,,,,,,,,,,
giant fathom 2021 review,1,10,7,0,I,fathom review,ok,,,,,,,,,,
giant fathom e 3 review,1,10,5,0,I,fathom review,ok,,,,,,,,,,
giant fathom 1 2021 review,1,10,7,0,I,fathom review,ok,,,,,,,,,,
giant fathom review 2021,1,10,7,0,I,fathom review,ok,,,,,,,,,,
giant fathom 2 review 2021,1,10,6,0,C,fathom review,ok,,,,,,,,,,
penn fathom ii level wind reel reviews,1,10,6,0,I,fathom review,ok,,,,,,,,,,
penn fathom 10xnld review,1,10,6,0,I,fathom review,ok,,,,,,,,,,
penn fathom low profile review,1,10,6,0,I,fathom review,ok,,,,,,,,,,
penn fathom 200 review,1,10,6,0,I,fathom review,ok,,,,,,,,,,
penn fathom low profile reel reviews,1,10,6,0,I,fathom review,ok,,,,,,,,,,
ocean fathoms wine review,1,10,18,0,"I,N",fathom review,ok,,,,,,,,,,
jl audio fathom f110v2 review,1,10,8,0,I,fathom review,ok,,,,,,,,,,
best ai notetaker for engineering teams,1,0,19,0,I,best ai notetaker,ok,,,,,,,,,,
jl audio fathom f112 subwoofer reviews,1,0,6,0,I,fathom review,ok,,,,,,,,,,
jl fathom f110v2 review,1,0,8,0,I,fathom review,ok,,,,,,,,,,
